background-360r-x,background-360-tx,background-qq-rx,background-qq-tx,background-uc-rx,background-uc-tx,baidu-360-rx,baidu-360-tx,baidu-qq-rx,baidu-qq-tx,baidu-uc-rx,baidu-uc-tx
5.3193359375,9.2900390625,8.6923828125,13.01953125,66.205078125,25.7568359375,365.4638671875,70.5380859375,524.9384765625,63.416015625,197.2451171875,54.1396484375
